CyberTruck6 (UnityEngine.Transform);1;27;1
CyberTruck23 (UnityEngine.Transform);1;27,1;1
CyberTruck12 (UnityEngine.Transform);1;27,34;1
CyberTruck22 (UnityEngine.Transform);1;27,72;1
CyberTruck27 (UnityEngine.Transform);1;28,22;1
CyberTruck1  (UnityEngine.Transform);1;28,24;1
CyberTruck8 (UnityEngine.Transform);1;28,26;1
CyberTruck10 (UnityEngine.Transform);1;28,5;1
CyberTruck7 (UnityEngine.Transform);1;28,52;1
CyberTruck21 (UnityEngine.Transform);1;29,16;1
CyberTruck11 (UnityEngine.Transform);1;29,38;1
CyberTruck15 (UnityEngine.Transform);1;30,74;1
CyberTruck3 (UnityEngine.Transform);1;32,88;1
CyberTruck26 (UnityEngine.Transform);1;41,1;1
CyberTruck17 (UnityEngine.Transform);1;41,78;1
CyberTruck6 (UnityEngine.Transform);2;21,26;2
CyberTruck21 (UnityEngine.Transform);2;19,76;2
CyberTruck22 (UnityEngine.Transform);2;21,54;2
CyberTruck27 (UnityEngine.Transform);2;21,5;2
CyberTruck23 (UnityEngine.Transform);2;23,2;2
CyberTruck7 (UnityEngine.Transform);2;21,98;2
CyberTruck11 (UnityEngine.Transform);2;21,32;2
CyberTruck10 (UnityEngine.Transform);2;22,42;2
CyberTruck1  (UnityEngine.Transform);2;22,68;2
CyberTruck8 (UnityEngine.Transform);2;22,92;2
CyberTruck15 (UnityEngine.Transform);2;22,78;2
CyberTruck12 (UnityEngine.Transform);2;27;2
CyberTruck3 (UnityEngine.Transform);2;22,72;2
CyberTruck18 (UnityEngine.Transform);1;59,36;1
CyberTruck26 (UnityEngine.Transform);2;20,56;2
CyberTruck17 (UnityEngine.Transform);2;21,52;2
CyberTruck25 (UnityEngine.Transform);1;63,48;1
CyberTruck22 (UnityEngine.Transform);3;21,06;3
CyberTruck6 (UnityEngine.Transform);3;22,38;3
CyberTruck21 (UnityEngine.Transform);3;21,86;3
CyberTruck27 (UnityEngine.Transform);3;22,24;3
CyberTruck23 (UnityEngine.Transform);3;22,04;3
CyberTruck1  (UnityEngine.Transform);3;21,72;3
CyberTruck7 (UnityEngine.Transform);3;22,18;3
CyberTruck10 (UnityEngine.Transform);3;22;3
CyberTruck8 (UnityEngine.Transform);3;21,78;3
CyberTruck11 (UnityEngine.Transform);3;22,44;3
CyberTruck13 (UnityEngine.Transform);1;73,38;1
CyberTruck15 (UnityEngine.Transform);3;22,58;3
CyberTruck3 (UnityEngine.Transform);3;20,58;3
CyberTruck12 (UnityEngine.Transform);3;23,08;3
CyberTruck18 (UnityEngine.Transform);2;22,5;2
CyberTruck16 (UnityEngine.Transform);1;82,1;1
CyberTruck26 (UnityEngine.Transform);3;21,74;3
CyberTruck25 (UnityEngine.Transform);2;22,46;2
CyberTruck17 (UnityEngine.Transform);3;22,92;3
CyberTruck2 (UnityEngine.Transform);1;87,43999;1
CyberTruck22 (UnityEngine.Transform);4;22,2;4
CyberTruck27 (UnityEngine.Transform);4;20,74;4
CyberTruck1  (UnityEngine.Transform);4;20,84;4
CyberTruck6 (UnityEngine.Transform);4;22,86;4
CyberTruck21 (UnityEngine.Transform);4;22,96;4
CyberTruck10 (UnityEngine.Transform);4;20,82;4
CyberTruck23 (UnityEngine.Transform);4;22,06001;4
CyberTruck8 (UnityEngine.Transform);4;22,04;4
CyberTruck13 (UnityEngine.Transform);2;21,9;2
CyberTruck11 (UnityEngine.Transform);4;23,26;4
CyberTruck3 (UnityEngine.Transform);4;21,5;4
CyberTruck12 (UnityEngine.Transform);4;20,94;4
CyberTruck18 (UnityEngine.Transform);3;21,74;3
CyberTruck16 (UnityEngine.Transform);2;22,9;2
CyberTruck26 (UnityEngine.Transform);4;22,38;4
CyberTruck24 (UnityEngine.Transform);1;107,28;1
CyberTruck17 (UnityEngine.Transform);4;22,12;4
CyberTruck2 (UnityEngine.Transform);2;22,34;2
CyberTruck25 (UnityEngine.Transform);3;23,88;3
CyberTruck7 (UnityEngine.Transform);1;25,14;5
CyberTruck27 (UnityEngine.Transform);5;21,3;5
CyberTruck6 (UnityEngine.Transform);5;20,68;5
CyberTruck22 (UnityEngine.Transform);5;22,02;5
CyberTruck10 (UnityEngine.Transform);5;22,1;5
CyberTruck1  (UnityEngine.Transform);5;22,62;5
CyberTruck13 (UnityEngine.Transform);3;21,24;3
CyberTruck5 (UnityEngine.Transform);1;117,92;1
CyberTruck8 (UnityEngine.Transform);5;22,96;5
CyberTruck21 (UnityEngine.Transform);5;24,22;5
CyberTruck3 (UnityEngine.Transform);5;20,78;5
CyberTruck12 (UnityEngine.Transform);5;20,46;5
CyberTruck11 (UnityEngine.Transform);5;22,85999;5
CyberTruck18 (UnityEngine.Transform);4;22;4
CyberTruck15 (UnityEngine.Transform);1;27,54072;5
CyberTruck26 (UnityEngine.Transform);5;21,93999;5
CyberTruck16 (UnityEngine.Transform);3;23,64;3
CyberTruck20 (UnityEngine.Transform);1;128,76;1
CyberTruck24 (UnityEngine.Transform);2;22,09999;2
CyberTruck17 (UnityEngine.Transform);5;21,89999;5
CyberTruck2 (UnityEngine.Transform);3;22;3
CyberTruck23 (UnityEngine.Transform);1;26,38512;6
CyberTruck9 (UnityEngine.Transform);1;132,5;1
CyberTruck4 (UnityEngine.Transform);1;28,41585;2
CyberTruck25 (UnityEngine.Transform);4;23,38;4
CyberTruck27 (UnityEngine.Transform);6;21,45999;6
CyberTruck7 (UnityEngine.Transform);2;23,25999;6
CyberTruck22 (UnityEngine.Transform);6;22,27999;6
CyberTruck6 (UnityEngine.Transform);6;22,84;6
CyberTruck13 (UnityEngine.Transform);4;21,96;4
CyberTruck10 (UnityEngine.Transform);6;22,82001;6
CyberTruck1  (UnityEngine.Transform);6;23,8;6
CyberTruck21 (UnityEngine.Transform);6;21,96;6
CyberTruck8 (UnityEngine.Transform);6;22,46;6
CyberTruck12 (UnityEngine.Transform);6;21,84;6
CyberTruck3 (UnityEngine.Transform);6;22,34;6
CyberTruck11 (UnityEngine.Transform);6;22,18001;6
CyberTruck5 (UnityEngine.Transform);2;23,58;2
CyberTruck19 (UnityEngine.Transform);1;142,72;1
CyberTruck18 (UnityEngine.Transform);5;22,42001;5
CyberTruck15 (UnityEngine.Transform);2;22,64;6
CyberTruck14 (UnityEngine.Transform);1;150,16;1
CyberTruck26 (UnityEngine.Transform);6;22,78001;6
CyberTruck16 (UnityEngine.Transform);4;22,09999;4
CyberTruck24 (UnityEngine.Transform);3;21,36;3
CyberTruck20 (UnityEngine.Transform);2;22,16;2
CyberTruck17 (UnityEngine.Transform);6;24,38;6
CyberTruck4 (UnityEngine.Transform);2;21,78;3
CyberTruck2 (UnityEngine.Transform);4;23,22;4
CyberTruck9 (UnityEngine.Transform);2;22,56;2
CyberTruck23 (UnityEngine.Transform);2;23,24001;7
CyberTruck25 (UnityEngine.Transform);5;22,42;5
CyberTruck27 (UnityEngine.Transform);7;21,52;7
CyberTruck7 (UnityEngine.Transform);3;22,12001;7
CyberTruck22 (UnityEngine.Transform);7;22,28;7
CyberTruck13 (UnityEngine.Transform);5;21,03999;5
CyberTruck12 (UnityEngine.Transform);7;20,39999;7
CyberTruck10 (UnityEngine.Transform);7;23,43999;7
CyberTruck11 (UnityEngine.Transform);7;21,28;7
CyberTruck21 (UnityEngine.Transform);7;23,36;7
CyberTruck3 (UnityEngine.Transform);7;22,48;7
CyberTruck8 (UnityEngine.Transform);7;23,31999;7
CyberTruck5 (UnityEngine.Transform);3;22,8;3
CyberTruck19 (UnityEngine.Transform);2;22,17999;2
CyberTruck18 (UnityEngine.Transform);6;22,23999;6
CyberTruck1  (UnityEngine.Transform);1;26,45999;8
CyberTruck24 (UnityEngine.Transform);4;21,72;4
CyberTruck16 (UnityEngine.Transform);5;21,74001;5
CyberTruck26 (UnityEngine.Transform);7;22,08;7
CyberTruck14 (UnityEngine.Transform);2;22,62;2
CyberTruck20 (UnityEngine.Transform);3;22,5;3
CyberTruck23 (UnityEngine.Transform);3;21,46001;8
CyberTruck4 (UnityEngine.Transform);3;22;4
CyberTruck17 (UnityEngine.Transform);7;22,68001;7
CyberTruck2 (UnityEngine.Transform);5;22,34;5
CyberTruck6 (UnityEngine.Transform);1;25,66;8
CyberTruck9 (UnityEngine.Transform);3;23,25999;3
CyberTruck15 (UnityEngine.Transform);1;25,44;8
CyberTruck27 (UnityEngine.Transform);8;23,67999;8
CyberTruck13 (UnityEngine.Transform);6;21,18001;6
CyberTruck7 (UnityEngine.Transform);4;21,79999;8
CyberTruck22 (UnityEngine.Transform);8;22,08;8
CyberTruck25 (UnityEngine.Transform);6;25,68001;6
CyberTruck12 (UnityEngine.Transform);8;21,95999;8
CyberTruck8 (UnityEngine.Transform);8;20,60001;8
CyberTruck21 (UnityEngine.Transform);8;21,36;8
CyberTruck11 (UnityEngine.Transform);8;22,72;8
CyberTruck3 (UnityEngine.Transform);8;22,36;8
CyberTruck10 (UnityEngine.Transform);8;24,54001;8
CyberTruck18 (UnityEngine.Transform);7;22,5;7
CyberTruck1  (UnityEngine.Transform);2;21,7;9
CyberTruck16 (UnityEngine.Transform);6;21,38;6
CyberTruck24 (UnityEngine.Transform);5;21,82001;5
CyberTruck20 (UnityEngine.Transform);4;21,66;4
CyberTruck26 (UnityEngine.Transform);8;22,72;8
CyberTruck14 (UnityEngine.Transform);3;23,36;3
CyberTruck6 (UnityEngine.Transform);2;21,24001;9
CyberTruck4 (UnityEngine.Transform);4;22,36;5
CyberTruck2 (UnityEngine.Transform);6;21,86;6
CyberTruck17 (UnityEngine.Transform);8;22,14;8
CyberTruck23 (UnityEngine.Transform);4;22,89999;9
CyberTruck9 (UnityEngine.Transform);4;22,42;4
CyberTruck27 (UnityEngine.Transform);9;21,88;9
CyberTruck15 (UnityEngine.Transform);2;24,08;9
CyberTruck22 (UnityEngine.Transform);9;21,52;9
CyberTruck13 (UnityEngine.Transform);7;22,42;7
CyberTruck5 (UnityEngine.Transform);1;27,54843;5
CyberTruck7 (UnityEngine.Transform);5;22,90001;9
CyberTruck25 (UnityEngine.Transform);7;22,62;7
CyberTruck8 (UnityEngine.Transform);9;21,14;9
CyberTruck21 (UnityEngine.Transform);9;20,94;9
CyberTruck12 (UnityEngine.Transform);9;24,34001;9
CyberTruck19 (UnityEngine.Transform);1;24,14;4
CyberTruck3 (UnityEngine.Transform);9;23,25999;9
CyberTruck11 (UnityEngine.Transform);9;24,29999;9
CyberTruck10 (UnityEngine.Transform);9;23,48;9
CyberTruck18 (UnityEngine.Transform);8;22,24001;8
CyberTruck16 (UnityEngine.Transform);7;21,58;7
CyberTruck24 (UnityEngine.Transform);6;21,78;6
CyberTruck26 (UnityEngine.Transform);9;21,43999;9
CyberTruck20 (UnityEngine.Transform);5;21,87999;5
CyberTruck1  (UnityEngine.Transform);3;23,58;10
CyberTruck14 (UnityEngine.Transform);4;22,72;4
CyberTruck6 (UnityEngine.Transform);3;21,62;10
CyberTruck2 (UnityEngine.Transform);7;21,78;7
CyberTruck4 (UnityEngine.Transform);5;22,74001;6
CyberTruck17 (UnityEngine.Transform);9;23,53999;9
CyberTruck9 (UnityEngine.Transform);5;22,40001;5
CyberTruck22 (UnityEngine.Transform);10;20,81999;10
CyberTruck5 (UnityEngine.Transform);2;20,68001;6
CyberTruck15 (UnityEngine.Transform);3;21,56;10
CyberTruck13 (UnityEngine.Transform);8;21,36;8
CyberTruck7 (UnityEngine.Transform);6;20,92;10
CyberTruck25 (UnityEngine.Transform);8;21,56;8
CyberTruck8 (UnityEngine.Transform);10;20,88;10
CyberTruck21 (UnityEngine.Transform);10;22,62;10
CyberTruck19 (UnityEngine.Transform);2;21,62001;5
CyberTruck12 (UnityEngine.Transform);10;23,93999;10
CyberTruck11 (UnityEngine.Transform);10;22,52;10
CyberTruck3 (UnityEngine.Transform);10;23,72;10
CyberTruck10 (UnityEngine.Transform);10;23,67999;10
CyberTruck27 (UnityEngine.Transform);1;26,29999;11
CyberTruck18 (UnityEngine.Transform);9;21,43999;9
CyberTruck24 (UnityEngine.Transform);7;20,42;7
CyberTruck16 (UnityEngine.Transform);8;21,67999;8
CyberTruck26 (UnityEngine.Transform);10;20,82001;10
CyberTruck20 (UnityEngine.Transform);6;22,64;6
CyberTruck1  (UnityEngine.Transform);4;24,24001;11
CyberTruck6 (UnityEngine.Transform);4;21,31999;11
CyberTruck23 (UnityEngine.Transform);1;26,02;11
CyberTruck2 (UnityEngine.Transform);8;22,8;8
CyberTruck4 (UnityEngine.Transform);6;22,34;7
CyberTruck5 (UnityEngine.Transform);3;20,31999;7
CyberTruck7 (UnityEngine.Transform);7;19,8;11
CyberTruck17 (UnityEngine.Transform);10;21,75999;10
CyberTruck13 (UnityEngine.Transform);9;20,5;9
CyberTruck22 (UnityEngine.Transform);11;21,82001;11
CyberTruck15 (UnityEngine.Transform);4;21,18001;11
CyberTruck9 (UnityEngine.Transform);6;23,64;6
CyberTruck8 (UnityEngine.Transform);11;21,51999;11
CyberTruck25 (UnityEngine.Transform);9;23,17999;9
CyberTruck21 (UnityEngine.Transform);11;23,2;11
CyberTruck12 (UnityEngine.Transform);11;21,98001;11
CyberTruck19 (UnityEngine.Transform);3;24,43999;6
CyberTruck10 (UnityEngine.Transform);11;20,52;11
CyberTruck11 (UnityEngine.Transform);11;22,38;11
CyberTruck3 (UnityEngine.Transform);11;22,38;11
CyberTruck27 (UnityEngine.Transform);2;22,50002;12
CyberTruck24 (UnityEngine.Transform);8;21,87999;8
CyberTruck16 (UnityEngine.Transform);9;21,35999;9
CyberTruck18 (UnityEngine.Transform);10;22,16002;10
CyberTruck26 (UnityEngine.Transform);11;21,67999;11
CyberTruck1  (UnityEngine.Transform);5;20,66;12
CyberTruck6 (UnityEngine.Transform);5;21,42;12
CyberTruck23 (UnityEngine.Transform);2;22,68001;12
CyberTruck14 (UnityEngine.Transform);1;26,88;6
CyberTruck7 (UnityEngine.Transform);8;20,83998;12
CyberTruck2 (UnityEngine.Transform);9;21,47998;9
CyberTruck5 (UnityEngine.Transform);4;21,75999;8
CyberTruck17 (UnityEngine.Transform);11;21,30002;11
CyberTruck22 (UnityEngine.Transform);12;21,07999;12
CyberTruck13 (UnityEngine.Transform);10;22,03999;10
CyberTruck15 (UnityEngine.Transform);5;21,81999;12
CyberTruck25 (UnityEngine.Transform);10;21,48;10
CyberTruck8 (UnityEngine.Transform);12;22,3;12
CyberTruck4 (UnityEngine.Transform);7;26,20001;8
CyberTruck20 (UnityEngine.Transform);1;27,06;8
CyberTruck12 (UnityEngine.Transform);12;20,94;12
CyberTruck21 (UnityEngine.Transform);12;23,17999;12
CyberTruck10 (UnityEngine.Transform);12;20,96001;12
CyberTruck19 (UnityEngine.Transform);4;22,52002;7
CyberTruck27 (UnityEngine.Transform);3;21,03998;13
CyberTruck9 (UnityEngine.Transform);1;26,95999;8
CyberTruck11 (UnityEngine.Transform);12;23,27998;12
CyberTruck24 (UnityEngine.Transform);9;21,18002;9
CyberTruck18 (UnityEngine.Transform);11;21,29999;11
CyberTruck16 (UnityEngine.Transform);10;22,48001;10
CyberTruck26 (UnityEngine.Transform);12;22,51999;12
CyberTruck1  (UnityEngine.Transform);6;22;13
CyberTruck6 (UnityEngine.Transform);6;22,5;13
CyberTruck23 (UnityEngine.Transform);3;21,45999;13
CyberTruck3 (UnityEngine.Transform);1;27,17865;13
CyberTruck14 (UnityEngine.Transform);2;22,12;7
CyberTruck17 (UnityEngine.Transform);12;21;12
CyberTruck5 (UnityEngine.Transform);5;21,92001;9
CyberTruck2 (UnityEngine.Transform);10;22,90002;10
CyberTruck7 (UnityEngine.Transform);9;23,64001;13
CyberTruck22 (UnityEngine.Transform);13;23,60001;13
CyberTruck25 (UnityEngine.Transform);11;20,32001;11
CyberTruck4 (UnityEngine.Transform);8;20,69998;9
CyberTruck8 (UnityEngine.Transform);13;21,60001;13
CyberTruck15 (UnityEngine.Transform);6;24,78;13
CyberTruck12 (UnityEngine.Transform);13;21,53998;13
CyberTruck20 (UnityEngine.Transform);2;22,17999;9
CyberTruck10 (UnityEngine.Transform);13;20,73999;13
CyberTruck21 (UnityEngine.Transform);13;22,22;13
CyberTruck11 (UnityEngine.Transform);13;21,06;13
CyberTruck19 (UnityEngine.Transform);5;23,06;8
CyberTruck27 (UnityEngine.Transform);4;22,72;14
CyberTruck24 (UnityEngine.Transform);10;21,09998;10
CyberTruck9 (UnityEngine.Transform);2;23,34;9
CyberTruck18 (UnityEngine.Transform);12;21,78;12
CyberTruck16 (UnityEngine.Transform);11;21,04001;11
CyberTruck26 (UnityEngine.Transform);13;21,90002;13
