CyberTruck17 (UnityEngine.Transform);1;25,52;1
CyberTruck23 (UnityEngine.Transform);1;25,62;1
CyberTruck21 (UnityEngine.Transform);1;25,72;1
CyberTruck12 (UnityEngine.Transform);1;25,74;1
CyberTruck6 (UnityEngine.Transform);1;25,84;1
CyberTruck24 (UnityEngine.Transform);1;26,32;1
CyberTruck27 (UnityEngine.Transform);1;26,34;1
CyberTruck11 (UnityEngine.Transform);1;26,4;1
CyberTruck7 (UnityEngine.Transform);1;26,56;1
CyberTruck2 (UnityEngine.Transform);1;26,72;1
CyberTruck26 (UnityEngine.Transform);1;26,78;1
CyberTruck3 (UnityEngine.Transform);1;26,8;1
CyberTruck20 (UnityEngine.Transform);1;26,84;1
CyberTruck1  (UnityEngine.Transform);1;27,22;1
CyberTruck15 (UnityEngine.Transform);1;27,3;1
CyberTruck10 (UnityEngine.Transform);1;28,34;1
CyberTruck9 (UnityEngine.Transform);1;28,84;1
CyberTruck8 (UnityEngine.Transform);1;35,16;1
CyberTruck19 (UnityEngine.Transform);1;35,94;1
CyberTruck17 (UnityEngine.Transform);2;18,98;2
CyberTruck12 (UnityEngine.Transform);2;19,1;2
CyberTruck21 (UnityEngine.Transform);2;19,68;2
CyberTruck23 (UnityEngine.Transform);2;20,3;2
CyberTruck11 (UnityEngine.Transform);2;19,7;2
CyberTruck2 (UnityEngine.Transform);2;19,72;2
CyberTruck6 (UnityEngine.Transform);2;20,6;2
CyberTruck27 (UnityEngine.Transform);2;20,3;2
CyberTruck24 (UnityEngine.Transform);2;20,58;2
CyberTruck7 (UnityEngine.Transform);2;20,7;2
CyberTruck15 (UnityEngine.Transform);2;20,14;2
CyberTruck1  (UnityEngine.Transform);2;20,54;2
CyberTruck3 (UnityEngine.Transform);2;21,3;2
CyberTruck26 (UnityEngine.Transform);2;21,5;2
CyberTruck5 (UnityEngine.Transform);1;48,5;1
CyberTruck20 (UnityEngine.Transform);2;22,08;2
CyberTruck10 (UnityEngine.Transform);2;20,96;2
CyberTruck25 (UnityEngine.Transform);1;24,90479;2
CyberTruck8 (UnityEngine.Transform);2;20,1;2
CyberTruck19 (UnityEngine.Transform);2;20,96;2
CyberTruck9 (UnityEngine.Transform);1;24,05817;3
CyberTruck12 (UnityEngine.Transform);3;19,68;3
CyberTruck17 (UnityEngine.Transform);3;21,06;3
CyberTruck15 (UnityEngine.Transform);3;19,16;3
CyberTruck11 (UnityEngine.Transform);3;20,56;3
CyberTruck23 (UnityEngine.Transform);3;20,92;3
CyberTruck27 (UnityEngine.Transform);3;20,3;3
CyberTruck6 (UnityEngine.Transform);3;20,5;3
CyberTruck7 (UnityEngine.Transform);3;19,92;3
CyberTruck21 (UnityEngine.Transform);3;21,96;3
CyberTruck24 (UnityEngine.Transform);3;20,8;3
CyberTruck2 (UnityEngine.Transform);3;21,36;3
CyberTruck22 (UnityEngine.Transform);1;67,84;1
CyberTruck3 (UnityEngine.Transform);3;19,96;3
CyberTruck26 (UnityEngine.Transform);3;19,82;3
CyberTruck10 (UnityEngine.Transform);3;19,64;3
CyberTruck1  (UnityEngine.Transform);3;21,44;3
CyberTruck5 (UnityEngine.Transform);2;20,92;2
CyberTruck20 (UnityEngine.Transform);3;21,06;3
CyberTruck25 (UnityEngine.Transform);2;20,8;3
CyberTruck8 (UnityEngine.Transform);3;18,76;3
CyberTruck14 (UnityEngine.Transform);1;74,78;1
CyberTruck19 (UnityEngine.Transform);3;22,32;3
CyberTruck9 (UnityEngine.Transform);2;20,66;4
CyberTruck12 (UnityEngine.Transform);4;19,18;4
CyberTruck6 (UnityEngine.Transform);4;19,16;4
CyberTruck17 (UnityEngine.Transform);4;20,82;4
CyberTruck15 (UnityEngine.Transform);4;19,9;4
CyberTruck23 (UnityEngine.Transform);4;20,02;4
CyberTruck27 (UnityEngine.Transform);4;19,98;4
CyberTruck11 (UnityEngine.Transform);4;20,72;4
CyberTruck21 (UnityEngine.Transform);4;20,34;4
CyberTruck7 (UnityEngine.Transform);4;20,52;4
CyberTruck24 (UnityEngine.Transform);4;20,18;4
CyberTruck3 (UnityEngine.Transform);4;20,24;4
CyberTruck22 (UnityEngine.Transform);2;21,08;2
CyberTruck26 (UnityEngine.Transform);4;20,86;4
CyberTruck10 (UnityEngine.Transform);4;20,42001;4
CyberTruck5 (UnityEngine.Transform);3;20,12;3
CyberTruck1  (UnityEngine.Transform);4;20,46;4
CyberTruck2 (UnityEngine.Transform);4;22,86;4
CyberTruck25 (UnityEngine.Transform);3;20,64;4
CyberTruck20 (UnityEngine.Transform);4;20,9;4
CyberTruck8 (UnityEngine.Transform);4;20,42;4
CyberTruck14 (UnityEngine.Transform);2;20,22;2
CyberTruck19 (UnityEngine.Transform);4;20,71999;4
CyberTruck9 (UnityEngine.Transform);3;20,38;5
CyberTruck12 (UnityEngine.Transform);5;20,72;5
CyberTruck6 (UnityEngine.Transform);5;19,56;5
CyberTruck11 (UnityEngine.Transform);5;19;5
CyberTruck17 (UnityEngine.Transform);5;20,36;5
CyberTruck21 (UnityEngine.Transform);5;19,7;5
CyberTruck23 (UnityEngine.Transform);5;20,56;5
CyberTruck15 (UnityEngine.Transform);5;21,72;5
CyberTruck26 (UnityEngine.Transform);5;19,36;5
CyberTruck24 (UnityEngine.Transform);5;20,72;5
CyberTruck5 (UnityEngine.Transform);4;19,5;4
CyberTruck10 (UnityEngine.Transform);5;19,8;5
CyberTruck7 (UnityEngine.Transform);5;21,54;5
CyberTruck27 (UnityEngine.Transform);5;22,86;5
CyberTruck3 (UnityEngine.Transform);5;21,6;5
CyberTruck1  (UnityEngine.Transform);5;20,42;5
CyberTruck25 (UnityEngine.Transform);4;20,12;5
CyberTruck2 (UnityEngine.Transform);5;20,54;5
CyberTruck20 (UnityEngine.Transform);5;21,18;5
CyberTruck22 (UnityEngine.Transform);3;24,02;3
CyberTruck14 (UnityEngine.Transform);3;18,92;3
CyberTruck8 (UnityEngine.Transform);5;20,74001;5
CyberTruck19 (UnityEngine.Transform);5;19,62;5
CyberTruck16 (UnityEngine.Transform);1;119,72;1
CyberTruck9 (UnityEngine.Transform);4;20,18;6
CyberTruck18 (UnityEngine.Transform);1;122,18;1
CyberTruck12 (UnityEngine.Transform);6;20,42;6
CyberTruck6 (UnityEngine.Transform);6;19,52;6
CyberTruck21 (UnityEngine.Transform);6;19,74001;6
CyberTruck11 (UnityEngine.Transform);6;21,06;6
CyberTruck23 (UnityEngine.Transform);6;21,10001;6
CyberTruck24 (UnityEngine.Transform);6;20,04;6
CyberTruck26 (UnityEngine.Transform);6;20,55999;6
CyberTruck17 (UnityEngine.Transform);6;22,68;6
CyberTruck3 (UnityEngine.Transform);6;20,04001;6
CyberTruck10 (UnityEngine.Transform);6;21,2;6
CyberTruck7 (UnityEngine.Transform);6;21,68;6
CyberTruck1  (UnityEngine.Transform);6;20,96;6
CyberTruck13 (UnityEngine.Transform);1;24,87999;2
CyberTruck2 (UnityEngine.Transform);6;20,48;6
CyberTruck27 (UnityEngine.Transform);6;22,08;6
CyberTruck5 (UnityEngine.Transform);5;22,99999;5
CyberTruck20 (UnityEngine.Transform);6;20,74001;6
CyberTruck25 (UnityEngine.Transform);5;21,96;6
CyberTruck4 (UnityEngine.Transform);1;134,88;1
CyberTruck14 (UnityEngine.Transform);4;21,94;4
CyberTruck8 (UnityEngine.Transform);6;21,66;6
CyberTruck19 (UnityEngine.Transform);6;20,38;6
CyberTruck9 (UnityEngine.Transform);5;20,42;7
CyberTruck16 (UnityEngine.Transform);2;24,38;2
CyberTruck18 (UnityEngine.Transform);2;22,82;2
CyberTruck12 (UnityEngine.Transform);7;20,18001;7
CyberTruck6 (UnityEngine.Transform);7;20,76;7
CyberTruck22 (UnityEngine.Transform);1;24,01054;5
CyberTruck21 (UnityEngine.Transform);7;21,2;7
CyberTruck11 (UnityEngine.Transform);7;21,16;7
CyberTruck23 (UnityEngine.Transform);7;21,03999;7
CyberTruck3 (UnityEngine.Transform);7;19,78;7
CyberTruck24 (UnityEngine.Transform);7;21,38;7
CyberTruck26 (UnityEngine.Transform);7;21,46001;7
CyberTruck1  (UnityEngine.Transform);7;19,94;7
CyberTruck10 (UnityEngine.Transform);7;20,94;7
CyberTruck25 (UnityEngine.Transform);6;19,24001;7
CyberTruck7 (UnityEngine.Transform);7;21,3;7
CyberTruck2 (UnityEngine.Transform);7;20,84;7
CyberTruck15 (UnityEngine.Transform);1;25,64417;7
CyberTruck5 (UnityEngine.Transform);6;21,22;6
CyberTruck20 (UnityEngine.Transform);7;20,73999;7
CyberTruck17 (UnityEngine.Transform);7;24,28;7
CyberTruck13 (UnityEngine.Transform);2;22,60001;3
CyberTruck27 (UnityEngine.Transform);7;22,09999;7
CyberTruck8 (UnityEngine.Transform);7;20,64;7
CyberTruck14 (UnityEngine.Transform);5;21,81999;5
CyberTruck19 (UnityEngine.Transform);7;19,65999;7
CyberTruck9 (UnityEngine.Transform);6;19,89999;8
CyberTruck12 (UnityEngine.Transform);8;20,06;8
CyberTruck18 (UnityEngine.Transform);3;20,59999;3
CyberTruck6 (UnityEngine.Transform);8;20,09999;8
CyberTruck16 (UnityEngine.Transform);3;22,96001;3
CyberTruck22 (UnityEngine.Transform);2;19,87999;6
CyberTruck11 (UnityEngine.Transform);8;20,54001;8
CyberTruck21 (UnityEngine.Transform);8;21,14;8
CyberTruck23 (UnityEngine.Transform);8;20,36;8
CyberTruck1  (UnityEngine.Transform);8;19,32001;8
CyberTruck24 (UnityEngine.Transform);8;20,78;8
CyberTruck26 (UnityEngine.Transform);8;21,02;8
CyberTruck3 (UnityEngine.Transform);8;22,03999;8
CyberTruck10 (UnityEngine.Transform);8;21,01999;8
CyberTruck25 (UnityEngine.Transform);7;20,51999;8
CyberTruck2 (UnityEngine.Transform);8;20,56001;8
CyberTruck15 (UnityEngine.Transform);2;20,16;8
CyberTruck7 (UnityEngine.Transform);8;20,98;8
CyberTruck17 (UnityEngine.Transform);8;20,8;8
CyberTruck27 (UnityEngine.Transform);8;20,58;8
CyberTruck5 (UnityEngine.Transform);7;21,38;7
CyberTruck13 (UnityEngine.Transform);3;21,53999;4
CyberTruck8 (UnityEngine.Transform);8;19,34;8
CyberTruck4 (UnityEngine.Transform);1;25,5;3
CyberTruck14 (UnityEngine.Transform);6;20,92;6
CyberTruck19 (UnityEngine.Transform);8;21,10001;8
CyberTruck9 (UnityEngine.Transform);7;20,18001;9
CyberTruck6 (UnityEngine.Transform);9;19,44;9
CyberTruck12 (UnityEngine.Transform);9;20,53999;9
CyberTruck18 (UnityEngine.Transform);4;20,52;4
CyberTruck20 (UnityEngine.Transform);1;25,61676;9
CyberTruck22 (UnityEngine.Transform);3;20,34;7
CyberTruck16 (UnityEngine.Transform);4;22,17999;4
CyberTruck23 (UnityEngine.Transform);9;20,06;9
CyberTruck1  (UnityEngine.Transform);9;20,2;9
CyberTruck21 (UnityEngine.Transform);9;21,32001;9
CyberTruck24 (UnityEngine.Transform);9;20,07999;9
CyberTruck26 (UnityEngine.Transform);9;21,03999;9
CyberTruck2 (UnityEngine.Transform);9;19,67999;9
CyberTruck10 (UnityEngine.Transform);9;20,7;9
CyberTruck25 (UnityEngine.Transform);8;20,74001;9
CyberTruck11 (UnityEngine.Transform);9;24,34;9
CyberTruck3 (UnityEngine.Transform);9;21,96001;9
CyberTruck7 (UnityEngine.Transform);9;20,7;9
CyberTruck15 (UnityEngine.Transform);3;21,09999;9
CyberTruck27 (UnityEngine.Transform);9;19,72;9
CyberTruck5 (UnityEngine.Transform);8;20,84;8
CyberTruck17 (UnityEngine.Transform);9;21,48;9
CyberTruck8 (UnityEngine.Transform);9;20,52;9
CyberTruck14 (UnityEngine.Transform);7;19,58;7
CyberTruck4 (UnityEngine.Transform);2;20,7;4
CyberTruck9 (UnityEngine.Transform);8;19,53999;10
CyberTruck13 (UnityEngine.Transform);4;27,82001;5
CyberTruck19 (UnityEngine.Transform);9;23,12;9
CyberTruck12 (UnityEngine.Transform);10;20,03999;10
CyberTruck22 (UnityEngine.Transform);4;19,56001;8
CyberTruck6 (UnityEngine.Transform);10;21,92;10
CyberTruck18 (UnityEngine.Transform);5;21,58;5
CyberTruck20 (UnityEngine.Transform);2;21,66;10
CyberTruck1  (UnityEngine.Transform);10;19,92;10
CyberTruck16 (UnityEngine.Transform);5;21,28;5
CyberTruck21 (UnityEngine.Transform);10;19,89999;10
CyberTruck23 (UnityEngine.Transform);10;20,78;10
CyberTruck24 (UnityEngine.Transform);10;20,56001;10
CyberTruck26 (UnityEngine.Transform);10;21;10
CyberTruck2 (UnityEngine.Transform);10;20,66;10
CyberTruck3 (UnityEngine.Transform);10;19,86;10
CyberTruck11 (UnityEngine.Transform);10;20,58;10
CyberTruck10 (UnityEngine.Transform);10;21,48001;10
CyberTruck25 (UnityEngine.Transform);9;21,31999;10
CyberTruck15 (UnityEngine.Transform);4;20,42;10
CyberTruck7 (UnityEngine.Transform);10;21,12;10
CyberTruck5 (UnityEngine.Transform);9;19,88;9
CyberTruck27 (UnityEngine.Transform);10;21,16;10
CyberTruck17 (UnityEngine.Transform);10;20,17999;10
CyberTruck14 (UnityEngine.Transform);8;18,44;8
CyberTruck8 (UnityEngine.Transform);10;21,34;10
CyberTruck4 (UnityEngine.Transform);3;20,12001;5
CyberTruck13 (UnityEngine.Transform);5;19,31999;6
CyberTruck9 (UnityEngine.Transform);9;20,86;11
CyberTruck19 (UnityEngine.Transform);10;20,94;10
CyberTruck18 (UnityEngine.Transform);6;20,17999;6
CyberTruck1  (UnityEngine.Transform);11;18,92;11
CyberTruck22 (UnityEngine.Transform);5;22,51999;9
CyberTruck20 (UnityEngine.Transform);3;21,3;11
CyberTruck21 (UnityEngine.Transform);11;19,92;11
CyberTruck16 (UnityEngine.Transform);6;20,52;6
CyberTruck24 (UnityEngine.Transform);11;20,53999;11
CyberTruck6 (UnityEngine.Transform);11;25,18001;11
CyberTruck15 (UnityEngine.Transform);5;19,92001;11
CyberTruck26 (UnityEngine.Transform);11;21,3;11
CyberTruck7 (UnityEngine.Transform);11;19,74001;11
CyberTruck27 (UnityEngine.Transform);11;19,64;11
CyberTruck3 (UnityEngine.Transform);11;21,56;11
CyberTruck10 (UnityEngine.Transform);11;20,81999;11
CyberTruck25 (UnityEngine.Transform);10;21,32001;11
CyberTruck11 (UnityEngine.Transform);11;22,22;11
CyberTruck2 (UnityEngine.Transform);11;23,14;11
CyberTruck14 (UnityEngine.Transform);9;20,36;9
CyberTruck17 (UnityEngine.Transform);11;20,98001;11
CyberTruck4 (UnityEngine.Transform);4;21,08;6
CyberTruck8 (UnityEngine.Transform);11;21,72;11
CyberTruck13 (UnityEngine.Transform);6;20,26001;7
CyberTruck9 (UnityEngine.Transform);10;20,46001;12
CyberTruck19 (UnityEngine.Transform);11;21,10001;11
CyberTruck12 (UnityEngine.Transform);1;24,44;12
CyberTruck18 (UnityEngine.Transform);7;21,24001;7
CyberTruck1  (UnityEngine.Transform);12;19,98;12
CyberTruck20 (UnityEngine.Transform);4;20,06;12
CyberTruck22 (UnityEngine.Transform);6;20,44;10
CyberTruck21 (UnityEngine.Transform);12;21,84;12
CyberTruck16 (UnityEngine.Transform);7;21,56;7
CyberTruck24 (UnityEngine.Transform);12;20,84;12
CyberTruck6 (UnityEngine.Transform);12;21,12;12
CyberTruck23 (UnityEngine.Transform);1;24;12
CyberTruck15 (UnityEngine.Transform);6;19,89999;12
CyberTruck27 (UnityEngine.Transform);12;19,53999;12
CyberTruck3 (UnityEngine.Transform);12;19,67999;12
CyberTruck7 (UnityEngine.Transform);12;20,53999;12
CyberTruck26 (UnityEngine.Transform);12;21,52;12
CyberTruck14 (UnityEngine.Transform);10;20,56001;10
CyberTruck17 (UnityEngine.Transform);12;21,25999;12
CyberTruck2 (UnityEngine.Transform);12;22,22;12
CyberTruck5 (UnityEngine.Transform);1;26,58002;11
CyberTruck11 (UnityEngine.Transform);12;23,51999;12
CyberTruck25 (UnityEngine.Transform);11;24,14;12
CyberTruck8 (UnityEngine.Transform);12;20,29999;12
CyberTruck4 (UnityEngine.Transform);5;21,28;7
CyberTruck13 (UnityEngine.Transform);7;20,33998;8
CyberTruck12 (UnityEngine.Transform);2;19,31999;13
CyberTruck19 (UnityEngine.Transform);12;21,14;12
CyberTruck9 (UnityEngine.Transform);11;25,39999;13
CyberTruck18 (UnityEngine.Transform);8;20,32001;8
CyberTruck22 (UnityEngine.Transform);7;20,06001;11
CyberTruck1  (UnityEngine.Transform);13;21,3;13
CyberTruck20 (UnityEngine.Transform);5;21,01999;13
CyberTruck16 (UnityEngine.Transform);8;20,58;8
CyberTruck24 (UnityEngine.Transform);13;20,58;13
CyberTruck21 (UnityEngine.Transform);13;21,16;13
CyberTruck15 (UnityEngine.Transform);7;19,31999;13
CyberTruck27 (UnityEngine.Transform);13;19,59999;13
CyberTruck6 (UnityEngine.Transform);13;20,71999;13
CyberTruck3 (UnityEngine.Transform);13;19,74001;13
CyberTruck10 (UnityEngine.Transform);1;24,98001;13
CyberTruck7 (UnityEngine.Transform);13;20,34;13
CyberTruck14 (UnityEngine.Transform);11;18,5;11
CyberTruck26 (UnityEngine.Transform);13;20,75998;13
CyberTruck23 (UnityEngine.Transform);2;23,71999;13
CyberTruck17 (UnityEngine.Transform);13;20,39999;13
CyberTruck8 (UnityEngine.Transform);13;18,66;13
CyberTruck5 (UnityEngine.Transform);2;20,65997;12
CyberTruck2 (UnityEngine.Transform);13;21,28;13
CyberTruck25 (UnityEngine.Transform);12;22,07999;13
CyberTruck11 (UnityEngine.Transform);13;22,94;13
CyberTruck13 (UnityEngine.Transform);8;21,60001;9
CyberTruck4 (UnityEngine.Transform);6;23,57999;8
CyberTruck12 (UnityEngine.Transform);3;20,45999;14
CyberTruck19 (UnityEngine.Transform);13;21,41998;13
CyberTruck18 (UnityEngine.Transform);9;20,25998;9
CyberTruck1  (UnityEngine.Transform);14;20,10001;14
CyberTruck9 (UnityEngine.Transform);12;22,32001;14
CyberTruck20 (UnityEngine.Transform);6;20,32001;14
CyberTruck22 (UnityEngine.Transform);8;21,13998;12
CyberTruck24 (UnityEngine.Transform);14;19,72;14
CyberTruck16 (UnityEngine.Transform);9;20,48001;9
CyberTruck27 (UnityEngine.Transform);14;19,92001;14
CyberTruck3 (UnityEngine.Transform);14;19,89999;14
CyberTruck21 (UnityEngine.Transform);14;20,94;14
CyberTruck10 (UnityEngine.Transform);2;19,59998;14
CyberTruck15 (UnityEngine.Transform);8;20,92001;14
CyberTruck6 (UnityEngine.Transform);14;20,54001;14
CyberTruck26 (UnityEngine.Transform);14;19,10001;14
CyberTruck14 (UnityEngine.Transform);12;20,87997;12
CyberTruck7 (UnityEngine.Transform);14;21,40002;14
CyberTruck23 (UnityEngine.Transform);3;20,78;14
CyberTruck8 (UnityEngine.Transform);14;20;14
CyberTruck17 (UnityEngine.Transform);14;21,06;14
CyberTruck5 (UnityEngine.Transform);3;20,18002;13
CyberTruck2 (UnityEngine.Transform);14;21,12;14
