CyberTruck1  (UnityEngine.Transform);1
CyberTruck10 (UnityEngine.Transform);1
CyberTruck24 (UnityEngine.Transform);1
CyberTruck8 (UnityEngine.Transform);1
CyberTruck9 (UnityEngine.Transform);1
CyberTruck3 (UnityEngine.Transform);1
CyberTruck15 (UnityEngine.Transform);1
CyberTruck25 (UnityEngine.Transform);1
CyberTruck16 (UnityEngine.Transform);1
CyberTruck17 (UnityEngine.Transform);1
CyberTruck22 (UnityEngine.Transform);1
CyberTruck27 (UnityEngine.Transform);1
CyberTruck6 (UnityEngine.Transform);1
CyberTruck14 (UnityEngine.Transform);1
CyberTruck7 (UnityEngine.Transform);1
CyberTruck18 (UnityEngine.Transform);1
CyberTruck19 (UnityEngine.Transform);1
CyberTruck12 (UnityEngine.Transform);1
CyberTruck21 (UnityEngine.Transform);1
CyberTruck4 (UnityEngine.Transform);1
CyberTruck11 (UnityEngine.Transform);1
CyberTruck20 (UnityEngine.Transform);1
CyberTruck2 (UnityEngine.Transform);1
CyberTruck26 (UnityEngine.Transform);1
CyberTruck5 (UnityEngine.Transform);1
CyberTruck23 (UnityEngine.Transform);1
CyberTruck13 (UnityEngine.Transform);1
CyberTruck25 (UnityEngine.Transform);2
CyberTruck17 (UnityEngine.Transform);2
CyberTruck23 (UnityEngine.Transform);2
CyberTruck21 (UnityEngine.Transform);2
CyberTruck12 (UnityEngine.Transform);2
CyberTruck6 (UnityEngine.Transform);2
CyberTruck24 (UnityEngine.Transform);2
CyberTruck27 (UnityEngine.Transform);2
CyberTruck11 (UnityEngine.Transform);2
CyberTruck7 (UnityEngine.Transform);2
CyberTruck2 (UnityEngine.Transform);2
CyberTruck26 (UnityEngine.Transform);2
CyberTruck3 (UnityEngine.Transform);2
CyberTruck20 (UnityEngine.Transform);2
CyberTruck1  (UnityEngine.Transform);2
CyberTruck15 (UnityEngine.Transform);2
CyberTruck10 (UnityEngine.Transform);2
CyberTruck9 (UnityEngine.Transform);2
CyberTruck8 (UnityEngine.Transform);2
CyberTruck19 (UnityEngine.Transform);2
CyberTruck9 (UnityEngine.Transform);3
CyberTruck17 (UnityEngine.Transform);3
CyberTruck12 (UnityEngine.Transform);3
CyberTruck21 (UnityEngine.Transform);3
CyberTruck23 (UnityEngine.Transform);3
CyberTruck11 (UnityEngine.Transform);3
CyberTruck2 (UnityEngine.Transform);3
CyberTruck6 (UnityEngine.Transform);3
CyberTruck27 (UnityEngine.Transform);3
CyberTruck24 (UnityEngine.Transform);3
CyberTruck7 (UnityEngine.Transform);3
CyberTruck15 (UnityEngine.Transform);3
CyberTruck1  (UnityEngine.Transform);3
CyberTruck3 (UnityEngine.Transform);3
CyberTruck26 (UnityEngine.Transform);3
CyberTruck5 (UnityEngine.Transform);2
CyberTruck20 (UnityEngine.Transform);3
CyberTruck10 (UnityEngine.Transform);3
CyberTruck25 (UnityEngine.Transform);3
CyberTruck8 (UnityEngine.Transform);3
CyberTruck19 (UnityEngine.Transform);3
CyberTruck9 (UnityEngine.Transform);4
CyberTruck12 (UnityEngine.Transform);4
CyberTruck17 (UnityEngine.Transform);4
CyberTruck15 (UnityEngine.Transform);4
CyberTruck11 (UnityEngine.Transform);4
CyberTruck23 (UnityEngine.Transform);4
CyberTruck27 (UnityEngine.Transform);4
CyberTruck6 (UnityEngine.Transform);4
CyberTruck7 (UnityEngine.Transform);4
CyberTruck21 (UnityEngine.Transform);4
CyberTruck24 (UnityEngine.Transform);4
CyberTruck2 (UnityEngine.Transform);4
CyberTruck22 (UnityEngine.Transform);2
CyberTruck3 (UnityEngine.Transform);4
CyberTruck26 (UnityEngine.Transform);4
CyberTruck10 (UnityEngine.Transform);4
CyberTruck1  (UnityEngine.Transform);4
CyberTruck5 (UnityEngine.Transform);3
CyberTruck20 (UnityEngine.Transform);4
CyberTruck25 (UnityEngine.Transform);4
CyberTruck8 (UnityEngine.Transform);4
CyberTruck14 (UnityEngine.Transform);2
CyberTruck19 (UnityEngine.Transform);4
CyberTruck9 (UnityEngine.Transform);5
CyberTruck12 (UnityEngine.Transform);5
CyberTruck6 (UnityEngine.Transform);5
CyberTruck17 (UnityEngine.Transform);5
CyberTruck15 (UnityEngine.Transform);5
CyberTruck23 (UnityEngine.Transform);5
CyberTruck27 (UnityEngine.Transform);5
CyberTruck11 (UnityEngine.Transform);5
CyberTruck21 (UnityEngine.Transform);5
CyberTruck7 (UnityEngine.Transform);5
CyberTruck24 (UnityEngine.Transform);5
CyberTruck3 (UnityEngine.Transform);5
CyberTruck22 (UnityEngine.Transform);3
CyberTruck26 (UnityEngine.Transform);5
CyberTruck10 (UnityEngine.Transform);5
CyberTruck5 (UnityEngine.Transform);4
CyberTruck1  (UnityEngine.Transform);5
CyberTruck2 (UnityEngine.Transform);5
CyberTruck25 (UnityEngine.Transform);5
CyberTruck20 (UnityEngine.Transform);5
CyberTruck8 (UnityEngine.Transform);5
CyberTruck14 (UnityEngine.Transform);3
CyberTruck19 (UnityEngine.Transform);5
CyberTruck9 (UnityEngine.Transform);6
CyberTruck12 (UnityEngine.Transform);6
CyberTruck6 (UnityEngine.Transform);6
CyberTruck13 (UnityEngine.Transform);2
CyberTruck11 (UnityEngine.Transform);6
CyberTruck17 (UnityEngine.Transform);6
CyberTruck21 (UnityEngine.Transform);6
CyberTruck23 (UnityEngine.Transform);6
CyberTruck15 (UnityEngine.Transform);6
CyberTruck26 (UnityEngine.Transform);6
CyberTruck24 (UnityEngine.Transform);6
CyberTruck5 (UnityEngine.Transform);5
CyberTruck10 (UnityEngine.Transform);6
CyberTruck7 (UnityEngine.Transform);6
CyberTruck27 (UnityEngine.Transform);6
CyberTruck3 (UnityEngine.Transform);6
CyberTruck1  (UnityEngine.Transform);6
CyberTruck25 (UnityEngine.Transform);6
CyberTruck2 (UnityEngine.Transform);6
CyberTruck20 (UnityEngine.Transform);6
CyberTruck22 (UnityEngine.Transform);4
CyberTruck14 (UnityEngine.Transform);4
CyberTruck8 (UnityEngine.Transform);6
CyberTruck19 (UnityEngine.Transform);6
CyberTruck16 (UnityEngine.Transform);2
CyberTruck9 (UnityEngine.Transform);7
CyberTruck18 (UnityEngine.Transform);2
CyberTruck22 (UnityEngine.Transform);5
CyberTruck12 (UnityEngine.Transform);7
CyberTruck6 (UnityEngine.Transform);7
CyberTruck21 (UnityEngine.Transform);7
CyberTruck15 (UnityEngine.Transform);7
CyberTruck11 (UnityEngine.Transform);7
CyberTruck23 (UnityEngine.Transform);7
CyberTruck24 (UnityEngine.Transform);7
CyberTruck26 (UnityEngine.Transform);7
CyberTruck17 (UnityEngine.Transform);7
CyberTruck3 (UnityEngine.Transform);7
CyberTruck10 (UnityEngine.Transform);7
CyberTruck7 (UnityEngine.Transform);7
CyberTruck1  (UnityEngine.Transform);7
CyberTruck13 (UnityEngine.Transform);3
CyberTruck2 (UnityEngine.Transform);7
CyberTruck27 (UnityEngine.Transform);7
CyberTruck5 (UnityEngine.Transform);6
CyberTruck20 (UnityEngine.Transform);7
CyberTruck25 (UnityEngine.Transform);7
CyberTruck4 (UnityEngine.Transform);2
CyberTruck14 (UnityEngine.Transform);5
CyberTruck8 (UnityEngine.Transform);7
CyberTruck19 (UnityEngine.Transform);7
CyberTruck9 (UnityEngine.Transform);8
CyberTruck16 (UnityEngine.Transform);3
CyberTruck18 (UnityEngine.Transform);3
CyberTruck12 (UnityEngine.Transform);8
CyberTruck6 (UnityEngine.Transform);8
CyberTruck22 (UnityEngine.Transform);6
CyberTruck21 (UnityEngine.Transform);8
CyberTruck11 (UnityEngine.Transform);8
CyberTruck23 (UnityEngine.Transform);8
CyberTruck3 (UnityEngine.Transform);8
CyberTruck24 (UnityEngine.Transform);8
CyberTruck26 (UnityEngine.Transform);8
CyberTruck1  (UnityEngine.Transform);8
CyberTruck10 (UnityEngine.Transform);8
CyberTruck25 (UnityEngine.Transform);8
CyberTruck7 (UnityEngine.Transform);8
CyberTruck2 (UnityEngine.Transform);8
CyberTruck4 (UnityEngine.Transform);3
CyberTruck15 (UnityEngine.Transform);8
CyberTruck5 (UnityEngine.Transform);7
CyberTruck20 (UnityEngine.Transform);8
CyberTruck17 (UnityEngine.Transform);8
CyberTruck13 (UnityEngine.Transform);4
CyberTruck27 (UnityEngine.Transform);8
CyberTruck8 (UnityEngine.Transform);8
CyberTruck14 (UnityEngine.Transform);6
CyberTruck19 (UnityEngine.Transform);8
CyberTruck20 (UnityEngine.Transform);9
CyberTruck9 (UnityEngine.Transform);9
CyberTruck12 (UnityEngine.Transform);9
CyberTruck18 (UnityEngine.Transform);4
CyberTruck6 (UnityEngine.Transform);9
CyberTruck16 (UnityEngine.Transform);4
CyberTruck22 (UnityEngine.Transform);7
CyberTruck11 (UnityEngine.Transform);9
CyberTruck21 (UnityEngine.Transform);9
CyberTruck23 (UnityEngine.Transform);9
CyberTruck1  (UnityEngine.Transform);9
CyberTruck24 (UnityEngine.Transform);9
CyberTruck26 (UnityEngine.Transform);9
CyberTruck3 (UnityEngine.Transform);9
CyberTruck10 (UnityEngine.Transform);9
CyberTruck25 (UnityEngine.Transform);9
CyberTruck2 (UnityEngine.Transform);9
CyberTruck15 (UnityEngine.Transform);9
CyberTruck7 (UnityEngine.Transform);9
CyberTruck17 (UnityEngine.Transform);9
CyberTruck27 (UnityEngine.Transform);9
CyberTruck5 (UnityEngine.Transform);8
CyberTruck13 (UnityEngine.Transform);5
CyberTruck8 (UnityEngine.Transform);9
CyberTruck4 (UnityEngine.Transform);4
CyberTruck14 (UnityEngine.Transform);7
CyberTruck19 (UnityEngine.Transform);9
CyberTruck9 (UnityEngine.Transform);10
CyberTruck6 (UnityEngine.Transform);10
CyberTruck12 (UnityEngine.Transform);10
CyberTruck18 (UnityEngine.Transform);5
CyberTruck20 (UnityEngine.Transform);10
CyberTruck22 (UnityEngine.Transform);8
CyberTruck16 (UnityEngine.Transform);5
CyberTruck23 (UnityEngine.Transform);10
CyberTruck1  (UnityEngine.Transform);10
CyberTruck21 (UnityEngine.Transform);10
CyberTruck24 (UnityEngine.Transform);10
CyberTruck26 (UnityEngine.Transform);10
CyberTruck2 (UnityEngine.Transform);10
CyberTruck10 (UnityEngine.Transform);10
CyberTruck25 (UnityEngine.Transform);10
CyberTruck11 (UnityEngine.Transform);10
CyberTruck3 (UnityEngine.Transform);10
CyberTruck7 (UnityEngine.Transform);10
CyberTruck15 (UnityEngine.Transform);10
CyberTruck27 (UnityEngine.Transform);10
CyberTruck5 (UnityEngine.Transform);9
CyberTruck17 (UnityEngine.Transform);10
CyberTruck8 (UnityEngine.Transform);10
CyberTruck14 (UnityEngine.Transform);8
CyberTruck4 (UnityEngine.Transform);5
CyberTruck9 (UnityEngine.Transform);11
CyberTruck13 (UnityEngine.Transform);6
CyberTruck19 (UnityEngine.Transform);10
CyberTruck12 (UnityEngine.Transform);11
CyberTruck22 (UnityEngine.Transform);9
CyberTruck6 (UnityEngine.Transform);11
CyberTruck18 (UnityEngine.Transform);6
CyberTruck20 (UnityEngine.Transform);11
CyberTruck1  (UnityEngine.Transform);11
CyberTruck16 (UnityEngine.Transform);6
CyberTruck21 (UnityEngine.Transform);11
CyberTruck23 (UnityEngine.Transform);11
CyberTruck24 (UnityEngine.Transform);11
CyberTruck26 (UnityEngine.Transform);11
CyberTruck2 (UnityEngine.Transform);11
CyberTruck3 (UnityEngine.Transform);11
CyberTruck11 (UnityEngine.Transform);11
CyberTruck10 (UnityEngine.Transform);11
CyberTruck25 (UnityEngine.Transform);11
CyberTruck15 (UnityEngine.Transform);11
CyberTruck7 (UnityEngine.Transform);11
CyberTruck5 (UnityEngine.Transform);10
CyberTruck27 (UnityEngine.Transform);11
CyberTruck17 (UnityEngine.Transform);11
CyberTruck14 (UnityEngine.Transform);9
CyberTruck8 (UnityEngine.Transform);11
CyberTruck4 (UnityEngine.Transform);6
CyberTruck13 (UnityEngine.Transform);7
CyberTruck9 (UnityEngine.Transform);12
CyberTruck12 (UnityEngine.Transform);12
CyberTruck19 (UnityEngine.Transform);11
CyberTruck18 (UnityEngine.Transform);7
CyberTruck1  (UnityEngine.Transform);12
CyberTruck22 (UnityEngine.Transform);10
CyberTruck20 (UnityEngine.Transform);12
CyberTruck23 (UnityEngine.Transform);12
CyberTruck21 (UnityEngine.Transform);12
CyberTruck16 (UnityEngine.Transform);7
CyberTruck24 (UnityEngine.Transform);12
CyberTruck5 (UnityEngine.Transform);11
CyberTruck6 (UnityEngine.Transform);12
CyberTruck15 (UnityEngine.Transform);12
CyberTruck26 (UnityEngine.Transform);12
CyberTruck7 (UnityEngine.Transform);12
CyberTruck27 (UnityEngine.Transform);12
CyberTruck3 (UnityEngine.Transform);12
CyberTruck10 (UnityEngine.Transform);12
CyberTruck25 (UnityEngine.Transform);12
CyberTruck11 (UnityEngine.Transform);12
CyberTruck2 (UnityEngine.Transform);12
CyberTruck14 (UnityEngine.Transform);10
CyberTruck17 (UnityEngine.Transform);12
CyberTruck4 (UnityEngine.Transform);7
CyberTruck8 (UnityEngine.Transform);12
CyberTruck13 (UnityEngine.Transform);8
CyberTruck9 (UnityEngine.Transform);13
CyberTruck19 (UnityEngine.Transform);12
CyberTruck12 (UnityEngine.Transform);13
CyberTruck18 (UnityEngine.Transform);8
CyberTruck1  (UnityEngine.Transform);13
CyberTruck20 (UnityEngine.Transform);13
CyberTruck22 (UnityEngine.Transform);11
CyberTruck10 (UnityEngine.Transform);13
CyberTruck21 (UnityEngine.Transform);13
CyberTruck16 (UnityEngine.Transform);8
CyberTruck24 (UnityEngine.Transform);13
CyberTruck6 (UnityEngine.Transform);13
CyberTruck23 (UnityEngine.Transform);13
CyberTruck15 (UnityEngine.Transform);13
CyberTruck27 (UnityEngine.Transform);13
CyberTruck3 (UnityEngine.Transform);13
CyberTruck7 (UnityEngine.Transform);13
CyberTruck26 (UnityEngine.Transform);13
CyberTruck14 (UnityEngine.Transform);11
CyberTruck17 (UnityEngine.Transform);13
CyberTruck2 (UnityEngine.Transform);13
CyberTruck5 (UnityEngine.Transform);12
CyberTruck11 (UnityEngine.Transform);13
CyberTruck25 (UnityEngine.Transform);13
CyberTruck8 (UnityEngine.Transform);13
CyberTruck4 (UnityEngine.Transform);8
CyberTruck13 (UnityEngine.Transform);9
CyberTruck12 (UnityEngine.Transform);14
CyberTruck19 (UnityEngine.Transform);13
CyberTruck9 (UnityEngine.Transform);14
CyberTruck18 (UnityEngine.Transform);9
CyberTruck22 (UnityEngine.Transform);12
CyberTruck1  (UnityEngine.Transform);14
CyberTruck20 (UnityEngine.Transform);14
CyberTruck16 (UnityEngine.Transform);9
CyberTruck24 (UnityEngine.Transform);14
CyberTruck21 (UnityEngine.Transform);14
CyberTruck15 (UnityEngine.Transform);14
CyberTruck27 (UnityEngine.Transform);14
CyberTruck6 (UnityEngine.Transform);14
CyberTruck3 (UnityEngine.Transform);14
CyberTruck10 (UnityEngine.Transform);14
CyberTruck7 (UnityEngine.Transform);14
CyberTruck14 (UnityEngine.Transform);12
CyberTruck26 (UnityEngine.Transform);14
CyberTruck23 (UnityEngine.Transform);14
CyberTruck17 (UnityEngine.Transform);14
CyberTruck8 (UnityEngine.Transform);14
CyberTruck5 (UnityEngine.Transform);13
CyberTruck2 (UnityEngine.Transform);14
CyberTruck25 (UnityEngine.Transform);14
CyberTruck11 (UnityEngine.Transform);14
CyberTruck13 (UnityEngine.Transform);10
CyberTruck4 (UnityEngine.Transform);9
CyberTruck11 (UnityEngine.Transform);15
CyberTruck12 (UnityEngine.Transform);15
CyberTruck19 (UnityEngine.Transform);14
CyberTruck18 (UnityEngine.Transform);10
CyberTruck1  (UnityEngine.Transform);15
CyberTruck9 (UnityEngine.Transform);15
CyberTruck20 (UnityEngine.Transform);15
CyberTruck22 (UnityEngine.Transform);13
CyberTruck24 (UnityEngine.Transform);15
CyberTruck16 (UnityEngine.Transform);10
CyberTruck27 (UnityEngine.Transform);15
CyberTruck3 (UnityEngine.Transform);15
CyberTruck21 (UnityEngine.Transform);15
CyberTruck10 (UnityEngine.Transform);15
CyberTruck15 (UnityEngine.Transform);15
CyberTruck6 (UnityEngine.Transform);15
CyberTruck26 (UnityEngine.Transform);15
CyberTruck14 (UnityEngine.Transform);13
CyberTruck7 (UnityEngine.Transform);15
CyberTruck23 (UnityEngine.Transform);15
CyberTruck8 (UnityEngine.Transform);15
CyberTruck17 (UnityEngine.Transform);15
CyberTruck5 (UnityEngine.Transform);14
CyberTruck2 (UnityEngine.Transform);15
