CyberTruck4 (UnityEngine.Transform);1;21,78;1
CyberTruck9 (UnityEngine.Transform);1;21,96;1
CyberTruck13 (UnityEngine.Transform);1;22,06;1
CyberTruck7 (UnityEngine.Transform);1;22,06;1
CyberTruck24 (UnityEngine.Transform);1;22,08;1
CyberTruck3 (UnityEngine.Transform);1;22,08;1
CyberTruck10 (UnityEngine.Transform);1;22,44;1
CyberTruck19 (UnityEngine.Transform);1;22,56;1
CyberTruck12 (UnityEngine.Transform);1;22,58;1
CyberTruck11 (UnityEngine.Transform);1;22,6;1
CyberTruck20 (UnityEngine.Transform);1;23,82;1
CyberTruck15 (UnityEngine.Transform);1;24,34;1
CyberTruck22 (UnityEngine.Transform);1;26,1;1
CyberTruck6 (UnityEngine.Transform);1;28,18;1
CyberTruck17 (UnityEngine.Transform);1;19,63014;2
CyberTruck21 (UnityEngine.Transform);1;20,99014;2
CyberTruck23 (UnityEngine.Transform);1;38;1
CyberTruck19 (UnityEngine.Transform);2;17,64;2
CyberTruck13 (UnityEngine.Transform);2;18,14;2
CyberTruck18 (UnityEngine.Transform);1;20,11828;2
CyberTruck16 (UnityEngine.Transform);1;40,56;1
CyberTruck3 (UnityEngine.Transform);2;19,16;2
CyberTruck14 (UnityEngine.Transform);1;21,46;2
CyberTruck1  (UnityEngine.Transform);1;21,91828;2
CyberTruck8 (UnityEngine.Transform);1;21,58;2
CyberTruck27 (UnityEngine.Transform);1;21,62;2
CyberTruck11 (UnityEngine.Transform);2;22,98;2
CyberTruck12 (UnityEngine.Transform);1;20,71222;3
CyberTruck15 (UnityEngine.Transform);2;22,94;2
CyberTruck10 (UnityEngine.Transform);1;20,2181;3
CyberTruck20 (UnityEngine.Transform);1;24,95261;3
CyberTruck4 (UnityEngine.Transform);1;23,1002;3
CyberTruck19 (UnityEngine.Transform);3;17,94;3
CyberTruck21 (UnityEngine.Transform);2;22,46;3
CyberTruck17 (UnityEngine.Transform);1;23,91868;4
CyberTruck5 (UnityEngine.Transform);1;22,93491;3
CyberTruck6 (UnityEngine.Transform);1;20,71219;3
CyberTruck10 (UnityEngine.Transform);2;16,26;4
CyberTruck15 (UnityEngine.Transform);3;17,74;3
CyberTruck7 (UnityEngine.Transform);1;21,7;4
CyberTruck11 (UnityEngine.Transform);3;20,48;3
CyberTruck13 (UnityEngine.Transform);1;19,83514;4
CyberTruck18 (UnityEngine.Transform);1;23,53426;4
CyberTruck24 (UnityEngine.Transform);1;21,29144;4
CyberTruck26 (UnityEngine.Transform);1;23,5394;3
CyberTruck14 (UnityEngine.Transform);1;20,18532;4
CyberTruck2 (UnityEngine.Transform);1;22,72;4
CyberTruck5 (UnityEngine.Transform);2;18,44;4
CyberTruck12 (UnityEngine.Transform);1;22,52081;5
CyberTruck10 (UnityEngine.Transform);3;20,64;5
CyberTruck18 (UnityEngine.Transform);2;19,26;5
CyberTruck26 (UnityEngine.Transform);2;17,3;4
CyberTruck11 (UnityEngine.Transform);4;23,8;4
CyberTruck21 (UnityEngine.Transform);1;20,59616;5
CyberTruck13 (UnityEngine.Transform);1;23,0608;6
CyberTruck7 (UnityEngine.Transform);1;24,3278;6
CyberTruck19 (UnityEngine.Transform);1;22,95351;5
CyberTruck2 (UnityEngine.Transform);2;20,48;5
CyberTruck3 (UnityEngine.Transform);1;26,58781;5
CyberTruck4 (UnityEngine.Transform);1;23,91351;5
CyberTruck24 (UnityEngine.Transform);1;20,56;6
CyberTruck15 (UnityEngine.Transform);1;22,44569;5
CyberTruck10 (UnityEngine.Transform);4;16,58;6
CyberTruck17 (UnityEngine.Transform);1;20,2191;7
CyberTruck25 (UnityEngine.Transform);1;25,94395;4
CyberTruck1  (UnityEngine.Transform);1;20,40379;6
CyberTruck12 (UnityEngine.Transform);1;20,61008;7
CyberTruck18 (UnityEngine.Transform);3;21,43999;6
CyberTruck6 (UnityEngine.Transform);1;20,09351;7
CyberTruck23 (UnityEngine.Transform);1;22,68;5
CyberTruck20 (UnityEngine.Transform);1;20,4;6
CyberTruck11 (UnityEngine.Transform);1;21,26;6
CyberTruck9 (UnityEngine.Transform);1;20,82;6
CyberTruck3 (UnityEngine.Transform);2;18;6
CyberTruck16 (UnityEngine.Transform);1;24,1;5
CyberTruck24 (UnityEngine.Transform);2;16,68;7
CyberTruck15 (UnityEngine.Transform);2;17,3;6
CyberTruck2 (UnityEngine.Transform);3;21,78;6
CyberTruck14 (UnityEngine.Transform);1;19,6145;7
CyberTruck25 (UnityEngine.Transform);2;16,74001;5
CyberTruck10 (UnityEngine.Transform);5;21,43999;7
CyberTruck19 (UnityEngine.Transform);1;20,14;7
CyberTruck26 (UnityEngine.Transform);1;19,99164;7
CyberTruck11 (UnityEngine.Transform);2;16,48;7
CyberTruck12 (UnityEngine.Transform);2;22,58001;8
CyberTruck13 (UnityEngine.Transform);1;20,49999;8
CyberTruck16 (UnityEngine.Transform);2;17,94;6
CyberTruck17 (UnityEngine.Transform);1;19,76114;9
CyberTruck7 (UnityEngine.Transform);1;22,93664;9
CyberTruck1  (UnityEngine.Transform);1;20,14001;8
CyberTruck5 (UnityEngine.Transform);1;21,8;7
CyberTruck24 (UnityEngine.Transform);3;21,98;8
CyberTruck8 (UnityEngine.Transform);1;19,82192;8
CyberTruck3 (UnityEngine.Transform);1;22,41608;8
CyberTruck22 (UnityEngine.Transform);1;20,79895;8
CyberTruck9 (UnityEngine.Transform);1;21,11796;8
CyberTruck12 (UnityEngine.Transform);3;17,21999;9
CyberTruck6 (UnityEngine.Transform);1;23,6;9
CyberTruck14 (UnityEngine.Transform);1;22,02095;9
CyberTruck11 (UnityEngine.Transform);3;21,86;8
CyberTruck20 (UnityEngine.Transform);1;22,85834;8
CyberTruck13 (UnityEngine.Transform);2;22,60001;9
CyberTruck2 (UnityEngine.Transform);1;20,2429;8
CyberTruck23 (UnityEngine.Transform);1;22,50777;8
CyberTruck7 (UnityEngine.Transform);2;20,81999;10
CyberTruck1  (UnityEngine.Transform);2;18,53999;9
CyberTruck18 (UnityEngine.Transform);1;26,26001;9
CyberTruck9 (UnityEngine.Transform);2;17,28;9
CyberTruck19 (UnityEngine.Transform);1;25,32001;9
CyberTruck3 (UnityEngine.Transform);2;20,84;9
CyberTruck16 (UnityEngine.Transform);1;20,54584;8
CyberTruck17 (UnityEngine.Transform);1;19,92;12
CyberTruck8 (UnityEngine.Transform);1;22;10
CyberTruck25 (UnityEngine.Transform);1;23,06584;8
CyberTruck21 (UnityEngine.Transform);1;25,61449;9
CyberTruck24 (UnityEngine.Transform);1;22,17236;10
CyberTruck12 (UnityEngine.Transform);4;23,88;10
CyberTruck26 (UnityEngine.Transform);1;20,06;10
CyberTruck6 (UnityEngine.Transform);1;20,46709;11
CyberTruck2 (UnityEngine.Transform);1;20,5107;10
CyberTruck3 (UnityEngine.Transform);3;16,16;10
CyberTruck11 (UnityEngine.Transform);1;25,71069;10
CyberTruck19 (UnityEngine.Transform);2;21,73999;10
CyberTruck7 (UnityEngine.Transform);1;20,42;12
CyberTruck16 (UnityEngine.Transform);2;20,5;9
CyberTruck21 (UnityEngine.Transform);2;18,38;10
CyberTruck22 (UnityEngine.Transform);1;20,22;11
CyberTruck24 (UnityEngine.Transform);2;18,89999;11
CyberTruck26 (UnityEngine.Transform);2;18,06;11
CyberTruck5 (UnityEngine.Transform);1;20,51308;10
CyberTruck27 (UnityEngine.Transform);1;26,70403;26
CyberTruck14 (UnityEngine.Transform);1;19,71147;12
CyberTruck1  (UnityEngine.Transform);1;20,62;11
CyberTruck6 (UnityEngine.Transform);2;18,46001;12
CyberTruck10 (UnityEngine.Transform);1;21,20511;11
CyberTruck23 (UnityEngine.Transform);1;24,65999;11
CyberTruck13 (UnityEngine.Transform);1;24,37999;12
CyberTruck11 (UnityEngine.Transform);2;19,02;11
CyberTruck3 (UnityEngine.Transform);1;20,3;12
CyberTruck15 (UnityEngine.Transform);1;20,37999;12
CyberTruck17 (UnityEngine.Transform);1;20,87625;15
CyberTruck27 (UnityEngine.Transform);2;19;27
CyberTruck9 (UnityEngine.Transform);1;20,37999;13
CyberTruck12 (UnityEngine.Transform);1;20,14;13
CyberTruck2 (UnityEngine.Transform);1;22,20947;12
CyberTruck14 (UnityEngine.Transform);1;20,1713;14
CyberTruck13 (UnityEngine.Transform);2;19,36;13
CyberTruck3 (UnityEngine.Transform);2;17,06;13
CyberTruck1  (UnityEngine.Transform);1;19,98;13
CyberTruck24 (UnityEngine.Transform);1;20,65999;13
CyberTruck11 (UnityEngine.Transform);3;20,58;12
CyberTruck10 (UnityEngine.Transform);1;21,73999;13
CyberTruck19 (UnityEngine.Transform);1;20,53976;13
CyberTruck27 (UnityEngine.Transform);3;17,34;28
CyberTruck12 (UnityEngine.Transform);2;22,22;14
CyberTruck5 (UnityEngine.Transform);1;20,35999;13
CyberTruck22 (UnityEngine.Transform);1;19,89999;14
CyberTruck15 (UnityEngine.Transform);1;20,58723;14
CyberTruck23 (UnityEngine.Transform);1;23,25708;14
CyberTruck6 (UnityEngine.Transform);1;21,26111;15
CyberTruck14 (UnityEngine.Transform);1;23,30722;16
CyberTruck18 (UnityEngine.Transform);1;20,10144;14
CyberTruck4 (UnityEngine.Transform);1;24,86723;14
CyberTruck3 (UnityEngine.Transform);3;22,94;14
CyberTruck25 (UnityEngine.Transform);1;23,97655;25
CyberTruck16 (UnityEngine.Transform);1;23,30144;12
CyberTruck19 (UnityEngine.Transform);2;17,54001;14
CyberTruck17 (UnityEngine.Transform);1;21,90001;17
CyberTruck7 (UnityEngine.Transform);1;24,2;15
CyberTruck20 (UnityEngine.Transform);1;21,93253;13
CyberTruck15 (UnityEngine.Transform);2;16,78;15
CyberTruck13 (UnityEngine.Transform);1;19,92958;15
CyberTruck12 (UnityEngine.Transform);3;22,60001;15
CyberTruck18 (UnityEngine.Transform);2;17,21999;15
CyberTruck4 (UnityEngine.Transform);2;17,14;15
CyberTruck11 (UnityEngine.Transform);1;21,42;14
CyberTruck27 (UnityEngine.Transform);1;20,69847;30
CyberTruck7 (UnityEngine.Transform);2;15,44;16
CyberTruck24 (UnityEngine.Transform);1;20,84001;15
CyberTruck2 (UnityEngine.Transform);1;21,07648;15
CyberTruck1  (UnityEngine.Transform);1;23,67686;16
CyberTruck21 (UnityEngine.Transform);1;21,88;15
CyberTruck20 (UnityEngine.Transform);2;17,3;14
CyberTruck23 (UnityEngine.Transform);1;20,56001;16
CyberTruck15 (UnityEngine.Transform);3;17,83998;16
CyberTruck17 (UnityEngine.Transform);1;21,3477;19
CyberTruck3 (UnityEngine.Transform);1;19,31924;16
CyberTruck14 (UnityEngine.Transform);1;22,12329;18
CyberTruck18 (UnityEngine.Transform);3;21,14001;16
CyberTruck16 (UnityEngine.Transform);1;20,76001;14
CyberTruck25 (UnityEngine.Transform);1;21,86002;27
CyberTruck27 (UnityEngine.Transform);2;18,5;31
CyberTruck24 (UnityEngine.Transform);2;20,47998;16
CyberTruck1  (UnityEngine.Transform);2;20,44;17
CyberTruck15 (UnityEngine.Transform);4;17;17
CyberTruck4 (UnityEngine.Transform);1;20,14001;17
CyberTruck7 (UnityEngine.Transform);1;21,48001;18
CyberTruck10 (UnityEngine.Transform);1;24,272;17
CyberTruck8 (UnityEngine.Transform);1;20,92114;17
CyberTruck11 (UnityEngine.Transform);1;26,53998;16
CyberTruck17 (UnityEngine.Transform);2;20,66;20
CyberTruck6 (UnityEngine.Transform);1;19,58365;18
CyberTruck9 (UnityEngine.Transform);1;22,72;18
CyberTruck3 (UnityEngine.Transform);2;19,44;17
CyberTruck26 (UnityEngine.Transform);1;22,05579;18
CyberTruck13 (UnityEngine.Transform);1;20,25604;18
